stop_id,betweenness_centrality
1124,0.08814953513899286
4952,0.08741791722099612
6465,0.08261432115812514
6432,0.08000363950419997
1162C,0.07970999034206168
1317,0.07647839504975713
1726,0.0736341839300698
6435,0.06989108638230697
6356,0.06801444682768402
6355,0.06801428521559699
2250,0.059681242784020316
1024B,0.056150826742792426
2578,0.05566599048169452
2959,0.0544248096532839
2965,0.054424648041196864
1063,0.0536760608540617
2950,0.05335380635251863
5067,0.05260473432912237
5066,0.052604572717035336
6430,0.052604411104948304
1734,0.05258631055120065
6357,0.05197654814682652
3625B,0.051749483164545675
6428,0.05174932155245864
5018,0.0517491599403716
5017,0.05174899832828457
3624B,0.05174883671619754
5859,0.05048842404943003
5858,0.050488262437342994
1128,0.05026685387810829
1376B,0.050266692266021255
2695,0.050096191514201825
4111,0.04941321883440192
6021,0.04863036988481584
1403,0.04810981735248372
1221,0.04748874210201731
1781,0.04626291442187478
3630,0.04626275280978775
6191,0.045647172370280445
5811,0.04556879050806962
5810,0.04556862889598259
2788,0.04554325579831846
1636,0.044435243329622724
5048,0.04420801673525484
2247,0.044162926962972734
9291,0.043286181390820695
3223B,0.04328408043368927
3222,0.043283918821602235
3221,0.0432837572095152
1220,0.043177093232073666
1670,0.043130064114747166
3620B,0.0429994815484248
2681,0.042999319936337765
1001,0.04170771613677296
3320B,0.041149831212336306
1707,0.041149669600249274
2392,0.04114950798816224
1983,0.041021834439406456
2682,0.04072899333770333
3623B,0.040728831725616296
1202,0.039791320008739986
1244,0.039791158396652954
1237,0.03979099678456592
6464,0.039056631461089626
3503,0.03812913969360934
1358,0.03768357516966037
6418,0.03768341355757334
6410,0.03662744018090211
6359,0.03662727856881508
4556B,0.03589129712446846
6459,0.03579109763050822
2355,0.035484357889320285
1648,0.035207677996320415
6017,0.03457981503819863
1780,0.034000112482012575
2845,0.033424611840089366
1000,0.033381946249112754
6433,0.033178315019451635
9023B,0.033000541723715734
3245,0.03290648348906274
1318,0.03280579915884141
1131B,0.0325294424900156
2898,0.0321991073841209
6353,0.03181560190159246
2177,0.031815278677418395
1895,0.03117432514024697
1633,0.030914291292211463
1632,0.03091412968012443
1156,0.03051607910976305
2287,0.03051591749767602
1127,0.03023729825963176
3261,0.0299042157482575
3260,0.029904054136170467
3567,0.029872054942938004
6020,0.02961040497403217
6019,0.02961024336194514
6018,0.029610081749858106
1900,0.029382531931316156
1461,0.02935861334243533
2212,0.029358451730348293
3766,0.029324674804158474
3763,0.029324513192071442
3762,0.02932435157998441
3761,0.029324189967897377
1115,0.0290875898724816
1114B,0.02908742826039457
1112,0.029087266648307533
1942,0.028806223228957786
1921,0.02880606161687075
1126,0.028673054869242893
1125,0.02867289325715586
3017,0.027684635344951303
9600B,0.02768447373286427
3018,0.027684312120777238
5044,0.027684150508690206
1116,0.027350259936880783
1099,0.02735009832479375
4002B,0.02734993671270672
5013B,0.027274787092236543
1792,0.02727462548014951
2835,0.026808212996973328
2209,0.026808051384886296
6055,0.02638559738938299
1169,0.026335982478663974
1168,0.02633582086657694
1167,0.02633565925448991
1306,0.02579943034971563
1671,0.025255767288937848
4059,0.025111286083130673
1196,0.02511112447104364
1195,0.025110962858956608
1969,0.024997511173859698
1968,0.024997349561772665
1943,0.024997187949685633
1404,0.02492155349295436
1904,0.024908786138078783
5115,0.024725518031383776
2404,0.024725356419296744
2334B,0.02472519480720971
2402,0.02472503319512268
1801,0.024724871583035646
2370,0.024698528812849327
3082,0.024698367200762295
3413,0.02469820558867526
3412,0.024561158538871586
3451,0.024560996926784553
2051,0.02456083531469752
5105,0.024492958238143816
5102,0.024492796626056784
4267,0.02443429305055097
5740,0.024015556133049416
6461,0.02401539452096238
3009,0.023419207531898995
6471,0.023419045919811962
1909,0.022953441497070945
1906,0.02295327988498391
2465,0.02283788885484261
2333,0.022837727242755578
2463,0.022837565630668546
2462,0.022837404018581513
2098,0.022832555655970532
1006,0.0228323940438835
2101,0.022832232431796468
2470,0.022808313842915637
1307,0.022668842611806475
2595,0.022662216516238138
2301,0.022662054904151106
1651,0.022595147500119594
1650,0.022594985888032562
1649,0.02259482427594553
1016,0.02250351344677209
1349,0.02250335183468506
3588,0.022387314356195627
1769B,0.022237015115255276
1754,0.022232813200992428
1303,0.021875973712824372
4152,0.02187581210073734
1183,0.021875650488650308
1180,0.021875488876563275
1179,0.021875327264476243
1314,0.021838479708632803
1313,0.02183831809654577
1304,0.021838156484458734
1108,0.021837994872371702
1094,0.02183783326028467
6481,0.021442530095402847
5174,0.021397601935207775
5168,0.021397440323120742
5915,0.021361400827712467
1015,0.021361239215625435
1165,0.021315502994995197
1859,0.021144840631088735
2739,0.020773456055087743
3285,0.020528936967407367
3274,0.020528775355320335
1728,0.020169026849585693
1706,0.02016886523749866
3558,0.020150279847489905
4125,0.020016949875687983
1406,0.01979214746262559
6449,0.019791985850538558
2667,0.019748350587039745
3765,0.019272241378641607
6210,0.019105134480649863
3176,0.018551128246301993
1464,0.018534805425511697
1463,0.018534643813424664
1981,0.018521068398113922
6190,0.018506523310280985
5308,0.01829077117409242
3705,0.018290609562005386
3704,0.018290447949918354
3240,0.01829028633783132
5362,0.0182877005444388
1920,0.01808229158182032
4307,0.01804366629301952
4306,0.01804350468093249
1068,0.01803299989527537
1062,0.018032838283188336
5107B,0.018032191834840203
5100B,0.01803203022275317
1230,0.01803186861066614
1232,0.018031706998579106
1240,0.018031545386492074
2840,0.017754865493492204
1875,0.017733209473829833
1874,0.0177330478617428
4131B,0.017169021677998907
9296,0.01710712424866541
4305,0.017101306213532234
4304,0.0171011446014452
4303,0.01710098298935817
2249,0.01687359478290325
6214,0.01687343317081622
6056,0.016680953175160353
1121,0.01657962239659089
2221,0.016330578170473602
3587,0.01633041655838657
6442,0.016215671976593397
4232,0.016115472482633165
4957,0.016115310870546132
4230,0.0161151492584591
4229,0.016114987646372068
1988B,0.01611256346506658
4340,0.01585543863459766
3514,0.01584832770276822
2067,0.015614313400744968
3414,0.015614151788657936
4124,0.0154525397016253
2367,0.015404217687602544
1779,0.015347168620880024
1760,0.015347007008792992
2290B,0.015346845396705958
1758B,0.015346683784618925
1757,0.015346522172531893
1756B,0.01534636056044486
1751,0.015346198948357828
6054B,0.01527638252675973
6053,0.015276220914672697
1929,0.015210606407337448
3313,0.015198323888722968
6062,0.015198162276635936
2289,0.015154850237311189
1129,0.015137557743998697
1830,0.015077114823448493
6482,0.015039297595082856
1970,0.01497578404487903
5817,0.014946693869213157
2165,0.014946532257126124
1926B,0.014946370645039092
6436,0.014899179915625562
4258,0.01486281719604322
3083,0.014862655583956186
2305,0.014862493971869154
1356,0.014862332359782121
1964,0.01484940339281951
2166,0.014849241780732478
1962,0.014849080168645445
3381,0.01478799079974711
4264B,0.014775869893219662
1731,0.014706699919969694
1720B,0.014706538307882662
1719,0.01470637669579563
1718B,0.014706215083708597
2291B,0.014706053471621565
1716,0.014705891859534533
4153,0.014627994833584802
4127,0.014599551106267058
4266,0.014599389494180026
3225,0.014450706374110002
1777B,0.01440577821391493
1764,0.014405616601827898
1278,0.014405454989740865
1762,0.014405293377653833
2323,0.014296851667254935
3369,0.014296690055167902
3377,0.01429652844308087
1767,0.014261943456455886
1158,0.014174672929458263
1157,0.01417451131737123
1236,0.014029868499477023
1199,0.01402970688738999
5761,0.014022595955560555
5911B,0.014022434343473522
5913,0.01402227273138649
5910,0.014022111119299458
5908,0.014021949507212425
5906,0.014021787895125391
5905,0.014021626283038359
9756,0.014021464670951327
9755,0.014021303058864294
3619B,0.014021141446777262
3087,0.01402097983469023
9753,0.014020818222603197
9751,0.014020656610516163
4363,0.013981869709628331
4362,0.013981708097541299
5459,0.01380571253476276
6354B,0.013630363420332352
1715,0.013620181858849296
1714,0.013620020246762263
1713,0.013619858634675231
1712,0.013619697022588199
1733,0.013619535410501166
4310,0.01346390297068874
2105,0.013412025490751264
5856,0.013257201111374
3192,0.013257039499286968
3191,0.013256877887199935
5853B,0.013256716275112903
2102,0.013168960911854183
2100,0.01316879929976715
1007,0.013168637687680116
2097,0.013168476075593084
2610,0.013132759804358872
5922,0.01313259819227184
5920C,0.013132436580184807
5953,0.013132274968097775
2050,0.01312774982966086
4595,0.01296015809540802
2934A,0.012913290590168556
4366,0.01289696776937826
4365,0.012896806157291227
4364,0.012896644545204195
3368,0.012850100264138796
3401,0.012814707217078648
4358,0.012804848879769659
2763,0.012598793468803049
2762,0.012598631856716017
6439,0.012598470244628984
2365,0.012514916795633112
1766,0.012503280725366763
5076B,0.012503119113279731
5074,0.012502957501192697
1056,0.012502795889105665
4214,0.012489866922143055
4213,0.012489705310056021
3378,0.012460938358564213
2218,0.01246077674647718
2217,0.012460615134390148
2216,0.012460453522303115
3047,0.012460291910216083
2215,0.012460130298129049
2403,0.012459968686042017
1430,0.012458675789345756
1429,0.012458514177258724
3188,0.012350072466859825
3189,0.012349910854772793
3190,0.01234974924268576
5813,0.012349587630598728
5273,0.012347325061380272
1857,0.01234716344929324
1856,0.012347001837206205
1841,0.012346840225119173
1854,0.01234667861303214
1853,0.012346517000945108
1852,0.012346355388858076
1851,0.012346193776771043
1850,0.01234603216468401
1840,0.012345870552596977
1302,0.012345708940509945
1847,0.012345547328422912
1846,0.01234538571633588
2760B,0.012334719318591725
2759,0.012334557706504693
2757C,0.01233439609441766
1250,0.01230061916822784
4857B,0.012300457556140808
3086,0.012196702596265856
9778,0.012196540984178824
9777,0.012196379372091792
9776,0.012196217760004758
1227,0.012196217760004758
2581,0.012196056147917725
5968,0.012196056147917725
5967,0.012195894535830693
5961,0.01219573292374366
5959,0.012195571311656628
5965,0.012195409699569596
5958C,0.012195248087482562
5760,0.01219508647539553
3402,0.012086967989170697
1535,0.012086806377083665
5416,0.012012788041222718
5415,0.012012626429135686
5921B,0.011893356708905602
5923,0.01189319509681857
3921,0.011885437716641004
7330,0.011822893838959373
1427,0.011822732226872341
2415,0.011702654446207094
2414,0.011702492834120061
1251,0.011663221096971132
1154,0.011569647698579237
2773,0.011513891528552977
2767,0.011513729916465945
2460,0.011513568304378913
2459,0.01151340669229188
2937B,0.011498538380284877
2411B,0.011498376768197845
4854C,0.01139995500719497
1951,0.011272443070526222
5058,0.01127228145843919
1985B,0.011272119846352157
2857C,0.011205535666494713
2856B,0.011205374054407679
2855,0.011205212442320646
2854,0.011205050830233614
2853,0.011204889218146582
2734,0.011185495767702665
2738,0.011185334155615633
5916,0.011140405995420561
4132B,0.011084164989133203
6061,0.010862271593637398
6060,0.010862109981550365
6059,0.010861948369463331
6058,0.010861786757376299
3306,0.01085499904972093
1462,0.010845463936586003
6450,0.01084530232449897
5361,0.010796657086302147
2633,0.010780334265511851
2412,0.010780172653424819
1085,0.01077338494576945
1775,0.010647812354145091
3460,0.010611288022475717
1041,0.010589793614900376
6985B,0.01041266676751261
1610,0.010412505155425576
1300,0.010412343543338544
7427,0.010412181931251511
3226B,0.01033412329321475
3228,0.010333961681127716
1803B,0.010277882286927392
1802,0.01027772067484036
1271B,0.010221641280640036
3399,0.010221479668553003
1417B,0.01022131805646597
3469,0.0102145303488106
1301,0.01020531845984974
7493B,0.010205156847762707
7494,0.010204995235675675
7218,0.010204833623588642
7865,0.01020467201150161
2741,0.010153602591999296
2743,0.010153440979912264
2746,0.010153279367825232
2749,0.0101531177557382
2755B,0.010152956143651167
2410,0.010097846421973039
1050,0.010062130150738827
1054,0.010061968538651794
3063,0.01006180692656476
1090,0.010061645314477728
3061,0.010061483702390695
2327,0.010061322090303663
3059,0.01006116047821663
4277,0.010032070302550756
4276,0.010031908690463723
4956,0.010031747078376691
4274,0.010031585466289659
3424,0.00999732370383874
3404,0.009997162091751707
3707,0.009994576298359184
2758,0.009948516853554884
2822,0.009948355241467852
2264,0.009922335695455599
2405,0.009922174083368564
2262,0.009922012471281532
2261,0.0099218508591945
2260,0.009921689247107467
2259,0.009921527635020435
3379,0.009921366022933403
3376,0.009921204410846369
2611,0.00990100289996729
2609,0.009900841287880257
2664,0.009900679675793224
1443,0.009900518063706192
3581,0.00990035645161916
1411,0.009900194839532127
3196,0.009900033227445095
1533,0.009842499324461476
1320,0.009842337712374444
1531,0.009842176100287411
5952,0.009831832926717323
2373,0.009827631012454475
1136,0.009793530862090588
1075,0.0097911066807851
2604,0.009790945068698067
4309,0.009790783456611035
4308,0.009790621844524
1321,0.009700603912046824
3463,0.009700442299959791
5917,0.009679109504471484
3450,0.00967393791768644
3194,0.00954755726562692
3193,0.009547395653539887
3604,0.009547234041452855
1442,0.009547072429365821
2662B,0.009546910817278789
2283,0.009530103160227395
2226,0.00946416542871808
2225,0.009464003816631048
2584B,0.00945624643645348
1035,0.009456084824366448
2803,0.009455923212279416
3462,0.00944089328818538
3461,0.009440731676098348
2252,0.009428287545396836
2550,0.009428125933309803
3681,0.009427964321222771
2556,0.009427802709135737
2551,0.009427641097048705
3243,0.009369137521542892
6440,0.009358471123798737
2715,0.009358309511711705
2714,0.009358147899624672
1141,0.009329380948132864
1140,0.009329219336045831
2873,0.009325179033870016
2871,0.009325017421782983
1036,0.009324855809695949
2498B,0.009324694197608917
2661,0.009282998279154497
2659,0.009282836667067465
3905,0.009217383771819248
3904,0.009217222159732216
3233,0.009216090875122988
3232,0.009215929263035955
3231,0.009215767650948921
3702,0.009153546997441357
1097,0.009126396166819876
2239,0.009102800802113111
2238,0.009102639190026077
2237,0.009102477577939045
2088,0.009102315965852013
2271,0.00910215435376498
5424,0.009095528258196641
2718,0.009095366646109609
2717,0.009095205034022577
2957A,0.00906352906496418
3367,0.009045590123303558
6454,0.009045428511216525
2555,0.009036378234342697
9025,0.00900647999824166
2207,0.009006318386154628
2089,0.009006156774067596
6123,0.009005995161980564
5742B,0.00900583354989353
5741,0.009005671937806497
3910,0.00899355103127905
3175B,0.008990318789538397
3174,0.008990157177451365
3173,0.008989995565364332
3172,0.0089898339532773
3177,0.008989187504929169
5046,0.008952663173259793
3230,0.008952016724911664
6451,0.008927128463508637
3366,0.008926966851421605
1019,0.008851494006777365
5011,0.008851332394690332
5009B,0.0088511707826033
1782,0.008851009170516268
2046,0.008839696324423982
6469,0.00883953471233695
3549,0.008839373100249917
1424,0.00875177934907823
3361,0.008699417032879657
1257,0.008632509628848145
2028,0.008630247059629689
9853,0.008630085447542657
1043,0.00862669159371497
2022,0.008626529981627938
1551,0.008626368369540905
1037,0.008625237084931677
1500,0.008533764643671206
1546,0.008533603031584173
1545,0.008533441419497141
1544,0.008533279807410109
3171,0.008462655325376848
1057,0.008445686056238421
2766,0.008445524444151389
2823B,0.008445362832064356
2518,0.008412393966309698
1961B,0.008400434671869282
1965,0.00840027305978225
1959,0.008400111447695218
1958B,0.008399949835608185
1957B,0.008399788223521153
1963,0.00839962661143412
1955,0.008399464999347088
1954,0.008399303387260054
1953,0.008399141775173022
2168,0.00839898016308599
2167,0.008398818550998957
2161,0.008398656938911925
2157,0.008398495326824892
2156,0.008398333714737858
4066,0.008375223186292193
1120,0.00837506157420516
1198,0.008374899962118126
1197,0.008374738350031094
2072,0.008374576737944062
2082,0.00837441512585703
1793,0.008374253513769997
3420,0.008339668527145013
3282,0.008330133414010088
3281,0.008329971801923054
3252,0.008329810189836022
3238,0.00832964857774899
4165,0.008313002532784629
4162,0.008312840920697596
1538B,0.008297649384516529
1534,0.008297487772429495
1414,0.00828665976259831
4407,0.008203591149863534
6468,0.008203429537776502
5407,0.00818549059611588
2104,0.00818177351811413
2103,0.008181611906027097
2112,0.008181450293940065
2099,0.00818128868185303
1938,0.008181127069765998
1944,0.008180965457678966
1936,0.008180803845591934
3911,0.008126502184348969
3899,0.008125047675565674
1522,0.008124886063478642
1273,0.008111472260254934
1239,0.008089493016418495
1231,0.008089331404331462
1229,0.00808916979224443
5101B,0.008089008180157398
5111B,0.008088846568070365
3253,0.008066867324233926
3276,0.007995434781765502
2547,0.00799527316967847
2171,0.007995111557591437
1989,0.007983960323586186
1935,0.007916891307467642
1939,0.00791672969538061
1933B,0.007916568083293577
1932,0.007916406471206545
1931,0.007916244859119511
1937,0.007916083247032479
2586,0.007848367782565806
1804,0.007735239321642962
2093,0.00770873493936961
2095,0.007708573327282577
3957,0.00766332194291344
3956,0.007663160330826407
2523,0.007619363455240563
3682,0.00761920184315353
2515B,0.007612575747585192
4251,0.007608212221235312
1466,0.007608050609148279
3638,0.007607404160800148
3257,0.007600616453144778
2456,0.007578313985134274
2954B,0.007578152373047242
1153,0.007547122852336976
1152,0.007546961240249943
2719,0.0075330626007651365
3524,0.007524981996413505
3530,0.007524820384326472
3522,0.00752465877223944
3529,0.007524497160152407
3526,0.007524335548065374
2452,0.007500255347097512
4405,0.00749831600205312
4408,0.007498154389966088
4403,0.007497992777879055
4402,0.007497831165792022
4401,0.00749766955370499
2707,0.007494114087790272
1829,0.007475690309868551
1828,0.007475528697781519
1252,0.007475367085694486
1835,0.007475205473607454
1826,0.007475043861520421
1825,0.007474882249433388
1823,0.007474720637346356
1822,0.007474559025259323
1821,0.0074743974131722905
1834,0.007474235801085258
1819,0.007474074188998225
1818,0.0074739125769111925
5287,0.00747375096482416
1816,0.007473589352737127
1815,0.007473427740650095
1814B,0.007473266128563062
1813,0.007473104516476029
1812,0.007472942904388997
1811,0.007472781292301964
1810,0.007472619680214931
1809,0.007472458068127899
6473,0.007472296456040866
1807,0.007472134843953833
1806,0.007471973231866801
2395,0.007471811619779768
4123,0.007389389455393125
1521,0.0073826017477377544
1520,0.007382440135650722
1519,0.007382278523563689
1518,0.0073821169114766565
3380,0.0073790462818230365
1697,0.007378884669736004
4163,0.007347531924851673
4158,0.00734737031276464
1831,0.007337673587542682
1415,0.007337511975455649
1423,0.007337350363368617
1422,0.007337188751281584
1412,0.007337027139194551
1421,0.007336865527107519
1410,0.0073367039150204864
6476,0.007336542302933453
1408,0.007336380690846421
3081,0.007312623714052624
2408,0.007273836813164791
2407,0.007273675201077759
2096,0.007190444976255953
1060,0.007190283364168919
1069,0.007190121752081887
2094,0.007189960139994855
2092,0.007189798527907822
4360,0.0071353352545778246
4359,0.007135173642490791
1912,0.007122244675528181
1903,0.007122083063441149
2543F,0.0070965483536899925
2375,0.0070802255328996965
2671,0.007079579084551565
6178,0.007075700394462783
1738,0.0070317419067899055
2705,0.007031580294702873
2704,0.007031418682615841
2702,0.007031257070528808
0702,0.006973561555458157
1204,0.0069633799939751015
0703,0.0069527135962309475
1986,0.006933643369961097
1977,0.006933481757874065
1976,0.0069333201457870315
0704,0.006931865637003738
1207,0.0069297646798723135
3159,0.0069169973249967355
3922,0.006916835712909703
0705,0.006911017677776528
0706,0.006890169718549319
6253,0.006869321759322109
3458,0.006856231180272465
3425,0.006856069568185433
1038,0.006828595513389885
1984B,0.006763304230228701
1460,0.006754900401703004
1459,0.006754738789615971
3122,0.006672963073577458
1910,0.006672801461490426
4456,0.006625933956250962
4455,0.006625772344163929
4454,0.006625610732076896
4449,0.006625449119989864
4452,0.0066252875079028314
2726F,0.006556763983000994
2455,0.006518623530461293
2634,0.00651846191837426
2306,0.006518300306287228
3234,0.006512805495328118
5714,0.006485816276793668
3466,0.00648161436253082
4253,0.0064764427757457756
6755,0.006476281163658742
6754,0.00647611955157171
1242,0.006475957939484678
2546,0.006457372549475924
2553,0.006457210937388892
2548,0.0064570493253018595
2544,0.006456887713214826
6179,0.006435716529813552
2537F,0.006414868570586342
6448,0.006411474716758656
1980,0.006403878948668122
6112,0.00640371733658109
3085,0.006386263231181566
2575,0.006386101619094533
2319,0.0063321231820256335
3607,0.006317578094192696
1066,0.006317416482105664
1065,0.0063172548700186305
9103,0.006317093257931598
2924,0.0063111136107113905
5758F,0.0063014168854894324
2801,0.006231115627630237
1768,0.006230954015543204
3259C,0.006221095678234214
6648,0.006220934066147181
2422,0.006205742529966114
1949,0.006184894570738904
2771,0.006184732958651871
2770,0.006184571346564838
2769,0.006184409734477806
1737,0.006184248122390773
6082,0.006165985956556086
2568,0.006142713816023386
2567,0.006142552203936354
2566B,0.006142390591849321
2565,0.006142228979762288
2564B,0.006142067367675256
4062,0.006075159963643745
2864,0.006074998351556712
2338F,0.006026029889185824
2318G,0.0060051819299586145
1467,0.00600308097282719
2106,0.005982071401512948
6361,0.005940375483058528
2660,0.0059238910501812
3078,0.005923729438094167
1541B,0.0059235678260071345
1493,0.005923406213920102
1492,0.005923244601833069
5296B,0.0059230829897460365
1490,0.005922921377659004
3080,0.005922598153484939
6352,0.0059195275238313185
4357,0.005915163997481437
1455,0.005915002385394405
4355,0.005914840773307372
6353F,0.005898679564604109
3481,0.005894639262428293
6354,0.005877831605376899
5208,0.005873791303201083
6355F,0.005856983646149689
6356F,0.005836135686922479
6357F,0.00581528772769527
1260,0.005803490045341887
6434F,0.00579443976846806
2457,0.005789268181683015
3244,0.005781510801505449
6359F,0.00577359180924085
0531,0.005715249845822069
4341,0.005705714732687144
4292,0.005705553120600111
4287,0.005705391508513079
9059,0.005705229896426046
4319,0.005705068284339013
1472,0.005704906672251981
4290,0.005704745060164948
4288,0.005704583448077915
4289,0.005704421835990883
4342,0.00570426022390385
4313,0.0057032905513816545
1453,0.005703128939294621
4311,0.005702967327207589
2750,0.0057028057151205565
2768,0.005702644103033523
2779,0.005702482490946491
2783,0.005702320878859459
2781,0.005702159266772426
1117,0.005701997654685393
0511,0.005694401886594859
0501,0.005673553927367649
0601,0.005652705968140439
0611,0.00563185800891323
0621,0.0056110100496860205
2200F,0.005601151712377029
2467,0.005600828488202965
2337F,0.005580303753149819
2778,0.005570930252101927
2775,0.005565920277403915
1483,0.0055400623434786935
4107,0.005417237157333892
4106,0.005417075545246859
1448,0.005400914336543596
1447,0.005400752724456563
4344,0.00538766214540692
4345,0.005387500533319887
1347,0.00537537962679244
5255,0.005354854891739295
1973,0.005354693279652263
1972,0.00535453166756523
1971,0.005354370055478197
1489,0.005335138217121314
3126,0.005323017310593867
6601,0.005293442298666895
2401F,0.005272594339439685
6608G,0.005251746380212475
6856B,0.005240110309946125
1495,0.005239948697859093
5297B,0.00523978708577206
1480,0.005239625473685027
1498,0.005239463861597995
1479,0.005239302249510962
1478,0.005239140637423929
1477B,0.005238979025336897
2986B,0.005237847740727668
2987,0.0052376861286406355
2294B,0.005237524516553603
1283B,0.005237362904466571
1919,0.005219747186980013
1918,0.005219585574892981
1917,0.005219423962805948
1916,0.005219262350718915
1915,0.005219100738631883
1914,0.00521893912654485
1913,0.0052187775144578175
2043,0.00521586849689123
2042,0.005215706884804197
2041,0.005215545272717165
1339,0.005215383660630132
2039,0.0052152220485430995
2038,0.005215060436456067
2037,0.005214898824369034
1135,0.005177081596003398
3299,0.005176273535568235
1172,0.005174010966349778
1098,0.005173849354262745
1343,0.005163021344431559
2159B,0.005153163007122568
2730,0.0051530013950355355
1160,0.005130860539112065
1497B,0.005130698927025032
1578,0.00511647706336616
6424F,0.005100639078836962
2648,0.005098376509618505
1178,0.005095790716225983
2782,0.00509562910413895
2784,0.005095467492051918
2776,0.005095305879964885
2754,0.005095144267877852
2748B,0.00509498265579082
1975,0.005091427189876102
6209,0.005079791119609752
4207,0.005064761195515717
4206B,0.005064599583428685
4205B,0.005064437971341652
4228,0.0050642763592546195
0722,0.005058943160382542
0723,0.005038095201155333
2671F,0.005019833035320645
0724,0.005017247241928123
6412F,0.005007065680445067
0636,0.004998985076093435
0725,0.004996399282700913
2607,0.004994298325569489
2606,0.004994136713482456
2605,0.004993975101395424
2602,0.004993813489308391
2601,0.004993651877221358
2600,0.004993490265134326
2599,0.004993328653047293
2614,0.00499316704096026
2598,0.004993005428873228
3074,0.004992843816786195
3046,0.004992682204699162
2625,0.00499252059261213
2624,0.0049923589805250974
2623,0.004992197368438064
2622,0.004992035756351032
2621,0.0049918741442639995
2620,0.004991712532176967
2619,0.004991550920089934
2618,0.0049913893080029016
2617,0.004991227695915869
6014,0.004986217721217857
2908B,0.004976844220169964
2292B,0.004976682608082932
2988,0.004976520995995899
2895,0.004976359383908866
2905,0.004976197771821834
2899,0.004976036159734801
9703,0.004975874547647768
9702,0.004975712935560736
3042,0.0049755513234737035
0726,0.0049755513234737035
9729,0.00497538971138667
9701,0.004975228099299638
9728,0.0049750664872126055
9727,0.004974904875125573
9726,0.00497474326303854
9725,0.004974581650951508
2991,0.004974420038864475
3062,0.004970864572949757
6437F,0.0049653697619906475
3354,0.004963592029033288
3150,0.004963430416946256
1569B,0.004953410467550232
6308F,0.004944521802763438
1747,0.004931269611626762
1010,0.004931107999539729
3229,0.004930946387452696
3606,0.004930784775365664
1746,0.004930623163278631
6309F,0.004923673843536228
4349,0.004913815506227237
4347,0.004913653894140204
1482,0.00491155293700878
6310F,0.004902825884309018
6311,0.004881977925081808
6312,0.004861129965854598
2744,0.0048501403439363796
2992,0.00484222135167178
2900,0.004842059739584748
2982B,0.004841898127497715
6313,0.004840282006627388
6314,0.0048194340474001784
6423F,0.004750910522498342
1561,0.004745415711539232
1560,0.0047452540994522
1559,0.0047450924873651676
1558,0.004744930875278134
1557,0.004744769263191102
4268,0.0047434763664948405
4261,0.004743314754407808
4072B,0.004743153142320776
2842,0.0047429915302337426
4259,0.00474282991814671
9047,0.004742668306059678
5024,0.004730062563271132
3639,0.004726991933617512
1529,0.004722951631441696
5025,0.004709214604043922
3100,0.0047066288106514
3118,0.004706467198564368
2720F,0.004699517878821964
5026,0.004688366644816712
3903,0.004684649566814962
3902,0.00468448795472793
3920,0.0046843263426408965
2817,0.004541946093965146
2816,0.004541784481878114
2815B,0.004541622869791081
2736,0.004541461257704048
2814,0.004541461257704048
2813B,0.004541299645617016
2735,0.004541299645617016
2162,0.004483765742633398
5090F,0.004377263377278892
5092F,0.0043564154180516824
6024,0.004352698340049932
6022B,0.004352536727962899
6023,0.0043523751158758665
2919,0.004340739045609517
4505,0.004340577433522484
4500,0.004340415821435452
3468,0.004340254209348419
1926G,0.004321507207252633
2165F,0.004300659248025424
5817F,0.004279811288798214
2756,0.0042672055460096685
5825,0.004258963329571004
5710F,0.004258640105396939
1743,0.004247165647217622
2170,0.004246680810956524
2554,0.004246519198869491
6413F,0.0042407011637363165
5826,0.0042381153703437945
1103,0.004230519602253261
1755,0.004230357990166228
6066G,0.004219853204509107
5823,0.004217267411116585
6484B,0.0042059545650243
1110,0.004196419451889375
1984G,0.004192379149713559
3600,0.004188823683798841
5824,0.004175571492662165
2254,0.004173955371791839
6483B,0.004173793759704806
5860,0.004154723533434955
2558,0.004153592248825727
1961G,0.004133875574207745
6657,0.004122077891854363
1143,0.004119168874287775
9783,0.004119007262200743
9627,0.004118845650113711
9626,0.004118684038026678
9631,0.004118522425939645
9607,0.004118360813852613
9608,0.00411819920176558
1962F,0.004113027614980535
3298,0.004102522829323415
2248,0.004102361217236381
2166F,0.004092179655753325
2147B,0.004076826507485225
2146,0.004076664895398193
2145,0.0040765032833111605
2144,0.004076341671224127
2143B,0.004076180059137095
2142,0.004076018447050063
2140,0.004075856834963029
2109B,0.004075695222875997
2138B,0.004075533610788965
2137,0.004075371998701932
2136,0.004075210386614899
2120,0.004075048774527867
2119,0.004074887162440834
2118B,0.004074725550353801
2117B,0.004074563938266769
2116B,0.004074402326179736
3325,0.004072139756961279
1964F,0.004071331696526116
6659F,0.004062281419652289
2153,0.004057756281215375
1344,0.0040575946691283424
5853G,0.0040504837372989065
2647,0.0040438576417305685
5258,0.004006848473800095
6650G,0.004002161723276149
2849,0.003997313360665169
1334,0.003997151748578137
1744,0.003996990136491105
1150,0.00398567729039882
3919,0.003985515678311787
5058F,0.0039795360310915795
5059,0.0039586880718643705
5082,0.003939617845594519
5060,0.003937840112637161
9683,0.003934446258809475
9682,0.003934284646722443
9685,0.003934123034635409
9680,0.003933961422548377
9679,0.003933799810461345
9681,0.0039336381983743115
9677,0.003933476586287279
9659,0.003933314974200247
9658,0.0039331533621132135
9657,0.003932991750026181
9661,0.003932830137939149
9655,0.0039326685258521165
9654,0.003932506913765083
9660,0.003932345301678051
9652,0.0039321836895910185
9651,0.003932022077503985
5700G,0.003928304999502235
3210B,0.003925395981935647
4958F,0.003918769886367309
4555,0.003915052808365559
4558,0.003914891196278527
3961,0.003914729584191493
2636F,0.003911658954537873
1509,0.003908911549058319
5704F,0.003907457040275025
6430F,0.003903255126012177
5705,0.0038866090810478152
5718,0.00388628585687375
5066F,0.003882407166784967
3962,0.0038723872173889434
3959,0.003872225605301911
3958,0.003872063993214878
5468,0.003866569182255769
5715F,0.0038657611218206054
5068F,0.003861559207557757
4105,0.003853963439467223
4112,0.003853801827380191
4594,0.003852832154857995
6706,0.003852670542770962
6702,0.0038525089306839294
4074B,0.003852347318596897
1630,0.0038441051021582324
5462F,0.003833923540675177
1419,0.003831499359369687
1402B,0.0038313377472826544
2548F,0.0038308529110215564
5461F,0.0038009546749205193
5016F,0.0037910963376115285
1873,0.0037762280256045263
2544F,0.003775096740995298
2539F,0.003773319008037939
5018F,0.003770248378384319
5460F,0.0037676625849917965
6428F,0.003749400419157109
5459F,0.003734047270889009
6162,0.0037301685808002255
6649F,0.0037262898907114424
0631,0.003716269941315419
3559,0.003716269941315419
4116,0.0037133609237488315
1193A,0.003713199311661799
4661B,0.0037130376995747664
6078,0.003709320621573016
1985G,0.0037086741732248853
6604F,0.0037054419314842325
2522,0.0037015632413954494
2514,0.0037014016293084166
2513,0.003701240017221384
2512,0.0037010784051343514
2511,0.003700916793047319
3486,0.0037007551809602863
5451F,0.0037001087326121555
1096,0.003698654223828862
1119,0.0036984926117418293
1118B,0.0036983309996547965
2081,0.003689442334868002
2073,0.0036892807227809693
2336G,0.003688472662345806
1049F,0.0036865333173014144
2848F,0.0036845939722570226
6461G,0.0036674630910315635
5449F,0.0036658469701612373
5210,0.0036656853580742045
6607,0.003663746013029813
1471,0.0036451606230210602
5211,0.0036448373988469947
5071,0.0036428980538026033
5454F,0.0036312619835362535
5212,0.0036239894396197852
5072,0.0036220500945753934
5281G,0.003614292714397827
3909,0.0036133230418756313
2431,0.0036131614297885985
5213,0.0036031414803925754
5089,0.0036012021353481836
3104,0.0035982931177815963
3103,0.0035981315056945636
3102,0.003597969893607531
3101,0.0035978082815204984
5453,0.0035963537727372046
5759F,0.0035831015816005286
5220F,0.0035822935211653655
5074F,0.0035803541761209737
1113,0.0035679100454194613
3214,0.0035625768465473843
3204,0.0035624152344603515
3203,0.0035622536223733187
3199,0.0035620920102862864
3201,0.0035619303981992536
3280,0.0035617687861122208
3279,0.0035616071740251884
1893,0.0035614455619381556
5452,0.0035611223377640905
5076G,0.0035595062168937643
5077,0.0035386582576665544
0626,0.0035307392654019554
5430,0.0035255676786169108
5219F,0.0035197496434837363
5078F,0.0035178102984393445
0616,0.0035098913061747455
5079,0.0034969623392121347
2026,0.0034896897952956664
0606,0.0034890433469475356
2751,0.0034877504502512746
2747,0.003487588838164242
2745,0.0034874272260772094
2742,0.0034872656139901767
9986F,0.0034824172513791976
0506,0.0034681953877203258
2014,0.0034534886878003564
0516,0.003447347428493116
6427F,0.0034321558923120486
0526,0.0034264994692659065
5427,0.003416964356130981
2967B,0.003415994683608785
2964B,0.0034158330715217526
2963,0.0034156714594347198
4104,0.003405813122125729
6177F,0.0034056515100386966
4103,0.0034056515100386966
4115,0.003405489897951664
4109,0.0034053282858646314
4101,0.0034051666737775987
6109,0.003381571309070834
5284F,0.0033801168002875405
2980,0.0033689655662822887
2997,0.003368803954195256
2990,0.0033686423421082235
2977,0.0033684807300211907
3185,0.003368319117934158
3183,0.0033681575058471256
5283F,0.0033429460202700346
5451,0.003336643148875762
2018,0.003336481536788729
2016,0.0033363199247016966
2107,0.003336158312614664
2079,0.003335996700527631
6077F,0.0033306635016555545
3168,0.003328239320350065
3167,0.003328077708263032
1246,0.0033279160961759997
3165,0.003327754484088967
3164,0.0033275928720019345
3163,0.0033274312599149017
3162,0.003327269647827869
1582,0.0033271080357408366
5504,0.0033190274313892047
5221F,0.0033120781116468016
5282F,0.0033054520160784636
3372,0.0032904220919844286
5503,0.003277493125021818
5222F,0.003249534233965172
5502,0.0032356355944803657
5253,0.003228686274737962
2874,0.003212363453947666
9959F,0.0032122018418606338
5254,0.0032078383155107527
5501,0.003193454839764848
5255F,0.003186990356283543
2519,0.0031856974595872818
3184,0.003170667535493247
3186,0.003170505923406214
2915,0.0031703443113191812
2926,0.003170182699232149
2996,0.003170021087145116
5256F,0.003166142397056333
2027,0.0031504660246141672
1872B,0.0031504660246141672
1871B,0.003150304412527135
2069,0.003150304412527135
9851,0.003150142800440102
1870,0.003150142800440102
1869,0.0031499811883530697
2025B,0.0031499811883530697
2017,0.003149819576266037
1868,0.003149819576266037
6472,0.003149657964179004
2029,0.003149657964179004
1866,0.003149496352091972
2015,0.003149496352091972
2087,0.003149334740004939
1865,0.003149334740004939
1864,0.003149173127917906
2078,0.003149173127917906
2071B,0.003149011515830874
1863,0.003149011515830874
1862,0.003148849903743841
9876,0.003148849903743841
2085,0.0031486882916568083
1861,0.0031486882916568083
1860,0.003148526679569776
2084,0.003148526679569776
1048F,0.003145294437829123
2430,0.0031389915664348502
3900,0.003138829954347818
6165,0.003103275295200638
6166,0.0030824273359734283
6175,0.003061579376746219
6308,0.003044125271346694
6438,0.0030439636592596614
5735,0.003043802047172629
6411,0.0030436404350855963
2333F,0.0030118028539401673
4157,0.00300582320671996
4156,0.0030056615946329273
6302,0.002971884668443107
3121B,0.002971399832182009
3120,0.0029712382200949763
3219,0.002966066633309932
2463F,0.0029596021498286265
6303,0.002951036709215897
3403,0.002950551872954799
6304,0.0029301887499886873
2423,0.002920976861027827
6416F,0.0029093407907614774
2462F,0.0029070782215430205
1254,0.0029012601864098456
4169,0.002895926987537769
4168,0.0028957653754507363
4160,0.0028956037633637035
4159,0.002895442151276671
4598,0.0028581097591721324
1102A,0.0028579481470850997
2920,0.0028573016987369694
2539,0.0028571400866499366
1510,0.0028563320262147735
5158,0.0028542310690833493
5308F,0.0028471201372539134
3160,0.0028450191801224893
5175,0.0028010606924496126
1382,0.0027448196861622563
1641,0.0027446580740752235
1640B,0.0027444964619881907
1639,0.0027443348499011583
1587,0.0027441732378141255
1586,0.0027440116257270927
1585,0.0027438500136400604
1584,0.0027436884015530276
1386,0.002743526789465995
5354H,0.0027278504170238295
6422F,0.0027128204929297945
1476,0.0026753264887382235
2246F,0.0026732255316067994
3480,0.0026717710228235055
2561,0.0026659529876903306
2560,0.002665791375603298
2562B,0.0026656297635162655
0821,0.0026523775723795895
5264F,0.0026509230635962957
1191,0.0026391253812429135
0811,0.0026315296131523796
5261,0.002630075104369086
1044,0.002627327698889531
1040,0.0026271660868024986
5088F,0.002618923870363834
0801,0.0026106816539251698
5265F,0.002609227145141876
6457F,0.002592419488090482
0901,0.00258983369469796
5267,0.0025883791859146665
6653F,0.002587571125479503
5303,0.0025715715288632725
3158B,0.002569470571731848
5312,0.0025689857354707505
5352,0.0025675312266874566
5317G,0.0025507235696360627
5093F,0.002549592285026834
5311,0.0025481377762435406
0906,0.0025466832674602468
1132,0.0025419965169363005
2504,0.0025356936455420277
3084,0.002535532033454995
5305G,0.002529875610408853
5266F,0.0025272898170163307
0806,0.002525835308233037
6654F,0.0025237343511016128
5306G,0.002509027651181643
5205,0.002506441857789121
0816,0.002504987349005827
5307H,0.002488179691954433
5200F,0.002485593898561911
0826,0.0024841393897786176
1458,0.002469755914032713
6477,0.00246959430194568
1456,0.0024694326898586478
1449,0.002469271077771615
1454,0.0024691094656845826
1450,0.00246894785359755
1451,0.002468786241510517
1833B,0.0024686246294234847
1832,0.002468463017336452
2851F,0.002459574352549657
4657,0.002440988962540904
4656,0.0024408273504538717
4655,0.002440665738366839
4653,0.002440504126279806
3236,0.0024403425141927737
3235,0.002440180902105741
3239,0.002440019290018708
3156,0.002431615461493011
3155,0.002431453849405979
1280B,0.002431292237318946
6158,0.0024311306252319136
3125,0.002430969013144881
3131,0.002430807401057848
1051,0.0024293528922745547
1052,0.002429191280187522
3589,0.002429029668100489
2729,0.002407050424264051
2158B,0.002406888812177018
2176,0.002406727200089986
6651,0.002395091129823636
7325,0.002389757930951559
7236,0.0023895963188645267
5766,0.002389273094690461
7995,0.002376667351901916
1173,0.002372303825552035
1061,0.0023648696695485333
3008,0.002364708057461501
3007,0.002364546445374468
3014,0.0023643848332874358
3005,0.002364223221200403
1089,0.00236406160911337
1053,0.002363899997026338
1134,0.0023582435739801953
5014,0.00233028468292355
2827,0.0023032954643891
9634,0.0022968309809077944
9632,0.002296669368820762
9606,0.002296507756733729
9605,0.002296346144646697
2841,0.002296184532559664
9787,0.0022960229204726313
9786,0.002295861308385599
9784B,0.002295699696298566
1452,0.0022835787897711184
7465,0.002283417177684086
3405,0.0022832555655970532
7474,0.002283093953510021
7472,0.002282932341422988
3415,0.0022827707293359553
3535,0.002282609117248923
7469,0.00228244750516189
7468,0.0022822858930748573
2163,0.002279538487595303
3106,0.002275013349158389
3099,0.0022748517370713562
3098,0.002274690124984324
5013F,0.0022651550118493982
3307,0.002252064432799755
2910,0.002248024130623939
2903,0.0022478625185369063
2909,0.002247700906449874
1525,0.002243983828448123
1540,0.0022438222163610904
5015,0.0021997021166011814
3410,0.002181439950766494
3409,0.0021812783386794612
3408,0.0021811167265924285
2173,0.002180955114505396
3411,0.0021807935024183633
3419,0.0021806318903313305
3417,0.002180470278244298
5355F,0.00214071370483427
4076,0.0021382895235287805
5011F,0.0021339259971788994
5466,0.002124875720305072
5356,0.0021198657456070603
7565,0.002113886098386853
1181,0.0021100074082980695
1385,0.0021079064511666454
1550,0.0021077448390796126
1554,0.0021075832269925802
1553,0.0021074216149055474
2928,0.0021074216149055474
3506,0.002107260002818515
3518B,0.0021070983907314823
5467,0.0021040277610778623
5357,0.0020990177863798505
2918,0.0020972400534224915
1046G,0.002087381716113501
2772,0.0020854423710691093
2774,0.0020852807589820765
2777,0.002085119146895044
5475,0.0020831798018506524
5350G,0.0020781698271526406
5009G,0.0020678266535825523
5469,0.0020623318426234425
6012G,0.002060392497579051
5359,0.002057321867925431
5470,0.0020414838833962327
6456F,0.0020364739086982213
5403,0.00202903975269472
5008F,0.0020014040858121395
5159F,0.0019834651441515173
5757F,0.0019626171849243075
5399F,0.0019580920464873936
1281,0.0019417692256970976
2672F,0.0019417692256970976
2587,0.001941607613610065
2269,0.0019414460015230325
3075,0.0019412843894359997
3465,0.001941122777348967
5007F,0.0019346582938676617
1348,0.001931910888388107
2670F,0.001920921266469888
1182,0.0019029823248092655
1184,0.001902820712722233
1288,0.0019026591006352002
1286,0.0019024974885481676
2243F,0.0018971642896760906
5402,0.001886821116106002
5006,0.0018675892777491186
2160,0.0018645186480954986
1222,0.0018507816206977247
7978,0.0018473877668700393
3557,0.0018428626284331256
1598B,0.001842701016346093
3556,0.0018425394042590603
4299,0.0018079544176340767
4298,0.0018077928055470441
4297,0.0018076311934600113
4296,0.0018074695813729788
4295,0.0018073079692859462
4294,0.0018071463571989136
4293,0.0018069847451118808
1133,0.0017775713452719414
5045,0.0017646423783093308
1042,0.0017479963333449694
5400,0.0017395925048192724
3216,0.0017379763839489462
1379,0.0017161587521995405
1692F,0.0017048459061072563
2285G,0.0017016136643666034
6420G,0.0016743012216580884
3237,0.001662988375565804
3358,0.0016628267634787714
6463F,0.0016549077712141723
5062,0.0016534532624308785
2397F,0.0016508674690383564
2125,0.0016411707438163984
2124,0.0016410091317293658
2123,0.001640847519642333
2846,0.0016406859075553005
2122,0.0016405242954682679
6408,0.0016403626833812353
4705,0.0016402010712942025
5063,0.0016326053032036688
1695F,0.0016290498372889509
5064,0.001611757343976459
6117,0.0016078786538876759
1597B,0.0016035151275377946
3515,0.001603353515450762
3856,0.001598020316578685
5612,0.001594464850663967
6459G,0.0015884852034437596
1223,0.0015873539188345314
1216,0.001584444901267944
6081B,0.0015802429870050954
3362,0.0015800813749180626
6453,0.001578142029873671
6406,0.0015779804177866385
2134,0.001577818805699606
2847,0.0015776571936125731
2133,0.0015774955815255406
2132,0.001577333969438508
2131,0.0015771723573514754
5407F,0.0015749097881330185
2534B,0.0015718391584793984
2533B,0.0015716775463923659
2532,0.001571515934305333
6008,0.001560526312387114
2962,0.001557455682733494
2971,0.0015572940706464614
2960,0.0015571324585594286
1693F,0.0015532537684706455
4659,0.001553092156383613
4658,0.0015529305442965801
4602,0.0015527689322095476
4601,0.001552607320122515
4600,0.0015524457080354824
4599,0.0015522840959484496
2509,0.001534021930113762
2508,0.0015338603180267295
2507,0.0015336987059396967
2506B,0.001533537093852664
2951,0.0015259413257621304
2955,0.0015257797136750976
5151,0.0015231939202825756
1805F,0.001512850746712487
5413F,0.0014986288830536152
2573B,0.0014949118050518646
2572,0.001494750192964832
2571,0.0014945885808777992
5155,0.0014803667172189276
1691F,0.0014774576996523401
3448B,0.001466468077734121
3470,0.0014663064656470883
3449,0.0014661448535600557
2174,0.0014659832414730231
2346,0.0014658216293859906
2345,0.0014656600172989578
6114F,0.0014648519568637947
1606,0.0014545087832937061
1078,0.0014535391107715102
3484,0.001448367523986466
3483,0.0014482059118994333
6173,0.0014480442998124007
2863,0.0014478826877253681
1074,0.0014377011262423122
1071,0.0014375395141552796
2668,0.0014372162899812142
6201F,0.0014370546778941817
6409F,0.0014330143757183657
3228F,0.001425418607627832
5414F,0.0014220247538001467
6113F,0.0014165299428410372
6202,0.0014162067186669718
6418G,0.001412166416491156
1689F,0.0014016616308340348
1698F,0.0013953587594397621
2667F,0.0013937426385694357
6363,0.0013913184572639462
3360F,0.0013745108002125523
6364F,0.0013704704980367364
3123,0.0013678847046442143
3637,0.0013651372991646594
3605,0.0013649756870776268
1571,0.0013631979541202678
1570,0.0013630363420332353
6204F,0.0013536628409853424
5121F,0.0013499457629835919
6365,0.0013496225388095267
3226F,0.0013489760904613962
2780,0.0013478448058521677
5415F,0.0013450974003726128
2808,0.0013450974003726128
2807,0.0013449357882855803
1788B,0.0013447741761985477
3482,0.001344612564111515
1003,0.0013423499948930582
2932,0.0013405722619356992
2931,0.0013404106498486664
2972,0.0013402490377616338
2929,0.0013400874256746013
3717,0.0013389561410653728
3718,0.0013387945289783402
0089,0.0013386329168913074
2080,0.0013378248564561443
2115,0.0013376632443691118
1033,0.0013375016322820792
2076,0.0013375016322820792
2074,0.0013373400201950464
2242F,0.0013328148817581327
1665,0.0013324916575840674
1687F,0.0013258655620157294
1185,0.0013236029927972725
1217,0.001321178811491783
3508F,0.0013189162422733262
3114,0.0013155223884456408
3113,0.0013153607763586083
3447,0.0013153607763586083
3553,0.0013151991642715757
3112,0.0013151991642715757
3111,0.001315037552184543
3552,0.001315037552184543
1243,0.0013148759400975103
3109,0.0013147143280104778
2604F,0.0013058256632236828
6648F,0.0012828767468650488
3225F,0.001272210349120895
6120,0.0012696245557283728
5416F,0.0012678468227710139
2603,0.0012613823392897084
1685F,0.001250069493197424
2670,0.0012499078811103914
2672,0.0012497462690233589
5757,0.0012495846569363263
5159,0.0012494230448492935
2524,0.001249261432762261
1484,0.001232938611971965
3117,0.0012232418867500069
5716F,0.0012224338263148436
2971F,0.001220009645009354
5119,0.001216615791181669
3263F,0.001214353221963212
5531,0.001213060325266951
1457,0.001198030401172916
3230F,0.0011951213836063285
5417F,0.0011902730209953495
5711F,0.001186879167167664
2241G,0.0011796066232511956
1683F,0.0011742734243791186
5120,0.001171526018899564
2960F,0.0011700715101162701
2876F,0.0011660312079404545
6258F,0.001158758664023986
5561F,0.0011543951376741047
3257F,0.00114550647288731
3308F,0.001137910704796776
2936,0.0011367794201875476
2935,0.001136617808100515
2974,0.001136132971839417
5123,0.0011261130224433937
6070,0.0011177091939176967
1696F,0.0011170627455695662
5420F,0.00111237599504562
1681F,0.0010984773555608135
6419F,0.0010962147863423565
5560,0.0010923360962535732
3550,0.0010773061721595382
3551,0.0010771445600725057
3546,0.001076982947985473
3253F,0.0010763364996373426
6260F,0.0010753668271151467
3858,0.0010666397744153846
3572,0.0010640539810228623
3570,0.0010638923689358297
3562B,0.001063730756848797
2351,0.0010635691447617645
3525,0.0010634075326747317
3107,0.0010604985151081443
3105,0.0010603369030211117
7225,0.0010595288425859486
7980,0.001057589497541557
1736,0.0010550037041490348
1739,0.0010543572558009042
2878F,0.0010538724195398063
2753,0.001052741134930578
1753,0.001052741134930578
1752,0.0010525795228435453
2752,0.0010525795228435453
2728,0.0010524179107565127
1725,0.0010524179107565127
1724,0.00105225629866948
2727,0.00105225629866948
2725,0.0010520946865824473
1723B,0.0010520946865824473
1105,0.0010427211855345547
1095,0.001042559573447522
6071,0.0010399737800549998
5421,0.001034155744921825
2296,0.0010320547877904008
5559,0.0010299538306589766
6068,0.0010294689943978787
2786F,0.0010231661230036058
1679F,0.001022681286742508
1209,0.0010082978109966037
1190,0.0010081361989095709
6005,0.0010068433022133098
1894,0.0010061968538651793
5765F,0.0010023181637763962
6122,0.0010019949396023308
1444,0.0009976314132524497
2164,0.0009969849649043192
3273,0.0009927830506414707
2852,0.0009926214385544382
3272,0.0009926214385544382
3952,0.0009879346880304917
3954,0.0009877730759434592
3211,0.0009819550408102843
5273F,0.0009672483408903145
4053G,0.0009619151420182376
5422,0.0009556122706239649
6808G,0.0009522184167962796
6100,0.0009497942354907901
2070,0.0009496326234037575
1677F,0.0009468852179242026
7498B,0.0009449458728798111
7449,0.0009447842607927785
1309,0.0009446226487057458
6004,0.000937026880615212
5405,0.0009284614400024824
4804B,0.0009236130773915034
7332,0.0009234514653044708
1434,0.0009232898532174381
7331,0.0009231282411304055
5556,0.0009163405334750348
2867,0.0009079367049493379
5406,0.0009076134807752726
3218,0.0009016338335550651
3217,0.0009014722214680326
4119F,0.0008972703072051841
3712,0.0008941996775515639
3713,0.0008940380654645314
5404,0.0008867655215480628
4054G,0.0008835332798074101
5423,0.0008767455721520395
2217F,0.0008746446150206153
1675F,0.0008710891491058974
4022,0.0008668872348430489
5408,0.0008659175623208531
5555,0.0008529885953582424
6705F,0.0008494331294435244
5409,0.0008450696030936432
6504,0.0008444231547455127
3755,0.0008282619460422493
3756,0.0008281003339552167
3751,0.000827938721868184
3752,0.0008277771097811514
3908,0.0008277771097811514
3906,0.0008276154976941187
1047F,0.0008242216438664335
4369,0.0008219590746479765
1881,0.000820019729603585
1880,0.0008198581175165524
3200,0.00080806043516317
3207,0.0008078988230761374
2850,0.0008059594780317458
4055G,0.0008048281934225174
3852,0.0008004646670726362
2077,0.0007975556495060488
2218F,0.0007967475890708857
4007G,0.0007964243648968204
2953,0.0007957779165486899
6865F,0.000795293080287592
7224,0.0007951314682005593
1552,0.0007944850198524288
1528,0.0007943234077653962
1527,0.0007941617956783635
1526,0.0007940001835913309
1188,0.0007936769594172657
6369,0.000792222450633972
9064,0.0007920608385469393
9060,0.0007918992264599067
3355,0.000791737614372874
1652,0.000791737614372874
6505,0.0007912527781117761
1653,0.0007912527781117761
2545,0.0007897982693284825
1514B,0.0007897982693284825
2824,0.0007897982693284825
1568,0.0007897982693284825
2811,0.0007896366572414498
2860,0.0007896366572414498
1513,0.0007896366572414498
1567,0.0007896366572414498
1512,0.0007894750451544172
2861,0.0007894750451544172
1566,0.0007894750451544172
2810,0.0007894750451544172
2875,0.0007893134330673845
2809,0.0007893134330673845
1565B,0.0007893134330673845
2680,0.0007893134330673845
1487,0.0007891518209803519
1486B,0.0007889902088933192
1018,0.0007888285968062866
6860G,0.0007804247682805897
1883,0.000780263156193557
1884,0.0007801015441065243
4066F,0.0007257998828635593
4006G,0.0007256382707765268
5554,0.0007235373136451025
1392,0.0007194970114692866
2632,0.0007188505631211561
2453,0.0007186889510341234
6809F,0.0007185273389470908
2086,0.0007180425026859929
2570,0.0007154567092934708
2569,0.0007152950972064381
2879F,0.0007138405884231444
2260F,0.0007110931829435896
5865,0.0007007500093735011
6425F,0.0007001035610253706
9311,0.0006934774654570326
6174F,0.0006929926291959346
5020,0.0006778010930148671
6171,0.0006721446699687249
0521,0.0006706901611854311
5553,0.0006593773150931467
2631,0.0006584076425709509
2612,0.0006582460304839184
5021,0.0006569531337876572
4005F,0.0006545289524821677
2912,0.0006542057283081025
4118F,0.0006512967107415151
1674F,0.0006437009426509812
2931F,0.0006435393305639487
2259F,0.0006414383734325244
2220F,0.0006399838646492307
5426,0.0006382061316918717
5022,0.0006361051745604475
5782F,0.0006348122778641864
6172,0.0006304487515143052
3636,0.0006281861822958484
5866,0.0006233378196848694
6552,0.0006096007922870955
0536,0.0006081462835038018
2397,0.0005966718253244848
3510B,0.0005965102132374522
3517,0.0005963486011504195
5551,0.0005948940923671258
3305,0.00059392441984493
3304,0.0005937628077578973
5762,0.000587298324276592
2972F,0.0005866518759284615
1820,0.0005803490045341887
6858G,0.0005714603397473938
0539,0.0005708138913992633
1676F,0.000567904873832676
6421F,0.0005619252266124685
3370F,0.0005611171661773053
3459,0.0005585313727847831
5269F,0.0005580465365236853
5784F,0.0005565920277403915
5805,0.0005536830101738041
5867F,0.0005456024058221724
1328,0.0005423701640815198
3912,0.0005388146981668018
1159,0.0005386530860797691
2528,0.0005339663355558228
7223,0.0005304108696411048
6475F,0.0005300876454670396
2380F,0.000529441197118909
7303,0.000529441197118909
2002,0.0005281483004226479
2010,0.0005278250762485826
4318,0.0005266937916393543
4315,0.0005265321795523216
4314,0.000526370567465289
1005,0.000526370567465289
5717F,0.0005250776707690279
3505,0.0005229767136376036
9292,0.0005221686532024405
5611,0.0005040680994547854
2257G,0.0005011590818881981
2927,0.0005011590818881981
5804G,0.0004971187797123822
1678F,0.0004921088050143706
5279F,0.0004870988303163589
2334F,0.0004853210973589999
1138,0.0004785333897036293
5786F,0.0004780485534425314
5270F,0.0004775637171814335
5828F,0.000475139535875944
3572F,0.0004719072941352913
8742,0.000468513440307606
8292,0.00046819021613354075
5781F,0.0004680286040465081
8282,0.00046786699195947544
5868,0.0004675437677854102
8272,0.0004675437677854102
8012,0.0004672205436113449
8022,0.00046689731943727966
8071,0.00046673570735024703
8032,0.0004665740952632144
8061,0.00046641248317618177
8042,0.00046625087108914914
8051,0.0004660892590021165
8052,0.0004659276469150839
8041,0.0004657660348280512
8062,0.00046560442274101857
8031,0.00046544281065398594
8072,0.0004652811985669533
8021,0.0004651195864799207
5530,0.00046495797439288805
8011,0.0004647963623058554
2404F,0.00046447313813179015
8271,0.00046447313813179015
8281,0.0004641499139577249
8291,0.00046382668978365963
8741,0.0004635034656095943
8731,0.00046318024143552906
8721,0.0004628570172614638
8711,0.00046253379308739854
8701,0.0004622105689133333
8691,0.000461887344739268
8681,0.00046156412056520276
8671,0.00046124089639113745
8661,0.0004609176722170722
8651,0.0004605944480430069
8652,0.00045962477552081115
8662,0.0004593015513467459
8672,0.00045897832717268057
8682,0.0004586551029986153
8692,0.00045833187882455005
8702,0.0004580086546504848
8712,0.00045768543047641953
8722,0.00045736220630235427
8732,0.000457038982128289
8641,0.0004483119294285268
5115F,0.00044362517890458034
5803G,0.00044023132507689506
5772,0.0004315042723771328
3371F,0.000430534599854937
5116,0.0004227772196773706
1680F,0.0004163127361960652
6158H,0.00041518145158683675
5783F,0.000410656313149923
5278F,0.0004088785801925641
5827F,0.00040839374393146613
6810,0.0004016060362760955
5533,0.00039950507914467126
5788F,0.000399181854970606
6445,0.00039708089783918176
5830F,0.0003967576736651165
5271F,0.0003967576736651165
2764G,0.00039594961322995335
5801,0.0003891619055745827
5802,0.0003830206462673426
5003,0.00037574810235087405
6444,0.0003738087573064825
6857,0.0003595868936476107
6157F,0.0003568394881680559
1729,0.00035344563434037057
5785F,0.0003529607980792727
5773,0.0003529607980792727
5829F,0.00035102145303488107
1682F,0.00034051666737775984
1711,0.0003342137959834871
5525,0.0003337289597223892
5277F,0.00033033510589470394
5272F,0.0003277493125021818
1307F,0.00032710286415405123
5507,0.0003258099674577902
5872,0.00032548674328372487
6811,0.00032193127736900696
5274F,0.00032144644110790907
5790F,0.00031999193232461534
5832F,0.00031805258728022373
2765,0.0003174061389320932
1548B,0.0003169213026709953
1416,0.0003167596905839627
5471,0.0003167596905839627
1139,0.0003136890609303426
2900F,0.00031045681918968996
5508,0.0003046387840565151
4955F,0.0003012449302288298
6156F,0.00029817430057520975
3502,0.0002978510764011445
1306F,0.000295426895095655
5787F,0.0002949420588345571
5831F,0.00029332593796423074
6856,0.0002883159632662191
8251,0.0002837908248293053
8241,0.00028346760065524004
8231,0.0002831443764811748
8221,0.0002828211523071095
8211,0.00028249792813304426
8201,0.000282174703958979
1721,0.0002784576259572284
8202,0.0002742557116943799
5806,0.0002740940996073473
8212,0.00027393248752031465
8222,0.0002736092633462494
8232,0.00027328603917218413
8242,0.00027296281499811887
8252,0.00027263959082405356
8262,0.0002723163666499883
2903F,0.0002676296161260419
5524,0.0002676296161260419
2541,0.00026714477986494403
3573,0.00026665994360384614
7222,0.00026536704690758504
7304,0.00026488221064648715
1684F,0.0002647205985594545
5053B,0.00026423576229835663
5032B,0.00026407415021132395
5275F,0.0002639125381242913
6805,0.0002637509260372587
1226,0.0002637509260372587
3661,0.0002637509260372587
3286B,0.00026358931395022606
1776,0.00026342770186319343
4348,0.00026342770186319343
3181,0.00026342770186319343
3521,0.00026342770186319343
2733,0.00026342770186319343
3180,0.0002632660897761608
3520,0.0002632660897761608
4351,0.0002632660897761608
2737,0.0002632660897761608
5509,0.0002595490117744102
1368,0.00024726649315993005
5223F,0.0002462968206377342
5168F,0.0002458119843766363
5039,0.00024290296681004893
1310,0.000242418130548951
6792F,0.00024193329428785312
5792F,0.0002404787855045594
6155F,0.00023918588880829833
5834F,0.0002390242767212657
5398F,0.0002380546041990699
5510,0.000237569767937972
5952F,0.000237569767937972
5789F,0.0002366000954157762
5833F,0.00023530719871951513
2710G,0.00023336785367512351
2901,0.0002314285086307319
2637F,0.00022641853393272026
5105F,0.00022205500758283914
1308G,0.00021866115375515383
1282,0.00021736825705889274
6799F,0.00021672180871076222
5512,0.0002152672999274685
2902,0.00020944926479429368
2429,0.00020847959227209787
5874F,0.00020605541096660836
1145,0.0002029847813129883
5523,0.00020120704835562936
2331F,0.00020072221209453144
6474F,0.00019264160774289975
5224F,0.0001910254868725734
1686F,0.00018892452974114915
2596,0.00018795485721895334
3519,0.0001853690638264312
3601,0.00018423777921720277
1034,0.00018084392538951746
6009,0.00017987425286732165
8082,0.00017874296825809321
8092,0.00017841974408402795
8102,0.0001780965199099627
5791F,0.00017793490782293004
8112,0.0001777732957358974
8122,0.00017745007156183215
8132,0.0001771268473877669
5835F,0.00017696523530073423
8142,0.0001768036232137016
8152,0.00017648039903963634
2709F,0.00017551072651744053
8151,0.00017551072651744053
8141,0.00017518750234337527
5917F,0.00017502589025634264
6869G,0.00017502589025634264
8131,0.00017486427816931
8121,0.00017454105399524473
8111,0.00017421782982117947
8101,0.0001738946056471142
8091,0.00017357138147304892
8081,0.00017324815729898366
3072,0.00016985430347129835
5529,0.00016969269138426572
5225F,0.00016452110459922142
5174F,0.00016419788042515616
8162,0.00016419788042515616
3321,0.00016225853538076455
4058F,0.00016193531120669929
3608,0.000161612087032634
5794F,0.00016064241451043822
5836F,0.0001596727419882424
5472,0.00015902629364011186
5027,0.00015902629364011186
5953F,0.0001587030694660466
5102F,0.000148359895895958
6121F,0.00014787505963486012
5042,0.00014787505963486012
5532,0.00014642055085156643
4003G,0.00014609732667750114
3613F,0.00014480442998124007
3898,0.00013656221354257575
5522,0.0001344612564111515
5226F,0.00012767354875578086
5515,0.00012282518614480185
1233,0.00012234034988370396
3317,0.00012088584110041025
6153,0.0001202393927522797
5793F,0.00011894649605601863
5837F,0.0001183000477078881
2708G,0.00011733037518569229
5916F,0.00011700715101162703
6867F,0.00011700715101162703
4223F,0.0001131284609228438
8814,0.00010779526205076689
8804,0.00010666397744153845
8794,0.00010520946865824474
8824,0.00010472463239714684
8823,0.00010472463239714684
8813,0.0001040781840490163
8784,0.00010343173570088577
8803,0.0001031085115268205
8793,0.00010181561483055943
8774,0.00010133077856946153
8833,0.00010100755439539625
8783,0.00010019949396023309
2425,0.00010003788187320046
3456,0.00010003788187320046
1673,0.00010003788187320046
2424,0.00010003788187320046
1638B,0.00010003788187320046
1659,0.00010003788187320046
1601,0.00010003788187320046
5516,9.890659726397201e-05
8764,9.890659726397201e-05
8773,9.826014891584147e-05
8754,9.615919178441723e-05
8763,9.59975796973846e-05
6106,9.470468300112353e-05
8753,9.341178630486245e-05
8744,9.308856213079719e-05
5361F,9.147244126047085e-05
8743,9.050276873827504e-05
8382,8.969470830311188e-05
8381,8.727052699762236e-05
8372,8.59776303013613e-05
8371,8.371506108290442e-05
5227F,8.242216438664334e-05
5170,8.226055229961071e-05
8362,8.193732812554545e-05
3337F,8.12908797774149e-05
4059F,8.112926769038227e-05
3609F,8.096765560334964e-05
5796F,8.048281934225174e-05
5838F,7.999798308115384e-05
8361,7.98363709941212e-05
2635F,7.98363709941212e-05
5028,7.967475890708856e-05
5920H,7.951314682005593e-05
8352,7.757380177566433e-05
8351,7.563445673127272e-05
5517,7.466478420907691e-05
5103,7.434156003501165e-05
4002G,7.321027542578321e-05
8342,7.288705125171794e-05
3612F,7.256382707765267e-05
5362F,7.17557666424895e-05
1599,7.143254246842423e-05
8341,7.110931829435897e-05
1425,7.062448203326106e-05
8332,6.787707655370629e-05
5521,6.739224029260838e-05
8331,6.626095568337995e-05
5228F,6.399838646492307e-05
2995,6.335193811679254e-05
8322,6.254387768162936e-05
8321,6.108936889833565e-05
3338F,6.060453263723775e-05
6462F,6.0281308463172486e-05
5795F,5.963486011504195e-05
5839F,5.931163594097668e-05
5057,5.882679967987878e-05
5921G,5.8665187592846145e-05
6866F,5.8665187592846145e-05
8312,5.6887454635487175e-05
8311,5.55945579392261e-05
8302,5.0907807415279715e-05
1657,5.042297115418181e-05
1615,5.042297115418181e-05
1627,5.042297115418181e-05
1620B,5.042297115418181e-05
1617,5.042297115418181e-05
1629,5.042297115418181e-05
1605,5.042297115418181e-05
3457,5.042297115418181e-05
9164,5.042297115418181e-05
1668,5.042297115418181e-05
1669,5.042297115418181e-05
1656B,5.042297115418181e-05
1602,5.042297115418181e-05
1631,5.042297115418181e-05
5518,5.0099746980116545e-05
8301,4.977652280605128e-05
9561,4.460493602100699e-05
9169,4.460493602100699e-05
1635,4.460493602100699e-05
1381,4.460493602100699e-05
8402,4.460493602100699e-05
1375,4.460493602100699e-05
1377,4.460493602100699e-05
1625,4.460493602100699e-05
1387,4.460493602100699e-05
1380,4.460493602100699e-05
7501,4.460493602100699e-05
1616,4.460493602100699e-05
8401,4.363526349881118e-05
6099,4.121108219332167e-05
8412,3.7978840452668995e-05
1690F,3.7332392104538455e-05
8411,3.7170780017505825e-05
3332,3.587788332124475e-05
5041F,3.248402949355944e-05
8422,3.102952071026573e-05
8421,3.0383072362135195e-05
4367B,2.9736624014004658e-05
5519,2.5211485577090906e-05
8432,2.37569767937972e-05
8431,2.3272140532699298e-05
3850,1.9555062530948716e-05
3853,1.9393450443916083e-05
3860,1.9393450443916083e-05
3815,1.9393450443916083e-05
3814,1.9393450443916083e-05
3851,1.890861418281818e-05
3810,1.890861418281818e-05
3859,1.810055374765501e-05
3812,1.810055374765501e-05
6800F,1.7454105399524472e-05
3808,1.6484432877328668e-05
8442,1.61612087032634e-05
8441,1.5837984529198134e-05
1666,1.454508783293706e-05
1722,1.4221863658871794e-05
3805,1.2282518614480184e-05
3953,1.2282518614480184e-05
6803F,1.1959294440414918e-05
2819,1.1474458179317016e-05
3804,9.696725221958041e-06
8462,8.242216438664334e-06
8461,8.0806043516317e-06
3802,6.787707655370628e-06
6804F,6.141259307240092e-06
1236F,4.04030217581585e-06
1094F,4.04030217581585e-06
1199F,3.878690088783216e-06
1064,3.878690088783216e-06
3800,3.5554659147179484e-06
5172F,3.393853827685314e-06
1111,3.393853827685314e-06
5166,2.585793392522144e-06
5108,2.585793392522144e-06
2948,2.1009571314242423e-06
5165,1.4545087832937061e-06
5109,1.4545087832937061e-06
4110,9.69672522195804e-07
5086F,0.0
9946,0.0
8472,0.0
9972F,0.0
5299F,0.0
9051F,0.0
5040,0.0
5299,0.0
3610F,0.0
2382,0.0
6486G,0.0
2379,0.0
2383,0.0
2384,0.0
5528F,0.0
5320,0.0
9952G,0.0
1662,0.0
5480,0.0
6812,0.0
5701,0.0
1142,0.0
1383,0.0
1384,0.0
1388,0.0
5659,0.0
1262B,0.0
2594,0.0
1203,0.0
5298,0.0
5298F,0.0
8261,0.0
3633C,0.0
4262F,0.0
1014,0.0
1508,0.0
4501F,0.0
1824,0.0
1441,0.0
3611F,0.0
4265,0.0
3312,0.0
3284,0.0
1732,0.0
8161,0.0
2396B,0.0
0472,0.0
7305,0.0
1390,0.0
5029,0.0
3293,0.0
4263F,0.0
2286G,0.0
2721,0.0
6485G,0.0
1664,0.0
5056,0.0
2701,0.0
1290,0.0
8471,0.0
1628,0.0
5797F,0.0
3335F,0.0
8642,0.0
3629,0.0
1446,0.0
5230F,0.0
5104F,0.0
5315,0.0
1059,0.0
2009,0.0
6443,0.0
5458,0.0
8733,0.0
5779,0.0
4014,0.0
5001F,0.0
4856B,0.0
2866,0.0
1654,0.0
3513,0.0
2150,0.0
2531,0.0
9058F,0.0
5562,0.0
9056F,0.0
8834,0.0
2058,0.0
8825,0.0
9983,0.0
1261,0.0
1194,0.0
1727,0.0
9996,0.0
2378,0.0
3077,0.0
3334F,0.0
3288,0.0
9969F,0.0
9963F,0.0
0711F,0.0
5776,0.0
5798F,0.0
5520F,0.0
5601,0.0
5474,0.0
1289,0.0
2213,0.0
4502F,0.0
0712F,0.0
5256,0.0
5229F,0.0
2351F,0.0
5169F,0.0
0471,0.0
2148,0.0
0529,0.0
